﻿pos_x,pos_y,rotation,side,designator,mpn,pack,footprint,value,mount_type,place
206.5,-48.5,0.0,top,D1,,,LED_D5.0mm,LED,tht,True
140.0005,-106.4993,0.0,top,DS2,,,WC1602A,WC1602A,tht,True
157.25,-70.75,0.0,top,Esp32-Wroom-32D1,,,esp32_my_footpring,~,tht,True
157.62,-50.0,180.0,top,R2,,,R_Axial_DIN0207_L6.3mm_D2.5mm_P7.62mm_Horizontal,R,tht,True
133.5,-97.5,0.0,top,R3,,,R_Axial_DIN0207_L6.3mm_D2.5mm_P7.62mm_Horizontal,R,tht,True
182.0,-51.5,180.0,top,SW1,,,SW_PUSH_6mm_H5mm,SW_Push,tht,True
132.0,-47.0,0.0,top,SW2,,,SW_PUSH_6mm_H5mm,SW_Push,tht,True
